{
  "tasks": [
    {
      "id": 1,
      "title": "Learn Redux",
      "description": "The store, actions, and reducers, oh my!",
      "status": "Unstarted"
    },
    {
      "id": 2,
      "title": "Peace on Earth",
      "description": "No big deal.",
      "status": "In Progress"
    },
    {
      "id": 3,
      "title": "Create Facebook for dogs",
      "description": "The hottest new social network",
      "status": "Completed"
    },
    {
      "title": "a",
      "description": "b",
      "status": "Unstarted",
      "id": 4
    },
    {
      "title": "a",
      "description": "b",
      "status": "Unstarted",
      "id": 5
    }
  ]
}