{
  "tasks": [
    {
      "id": 1,
      "title": "Learn Redux",
      "description": "The store, actions, and reducers, oh my!",
      "status": "Unstarted",
      "timer": 86
    },
    {
      "id": 2,
      "title": "Peace on Earth",
      "description": "No big deal.",
      "status": "Unstarted",
      "timer": 132
    },
    {
      "id": 3,
      "title": "Create Facebook for dogs",
      "description": "The hottest new social network",
      "status": "Completed",
      "timer": 332
    },
    {
      "id": 4,
      "title": "Read Moby Dick",
      "description": "Or, The Whale",
      "status": "In Progress",
      "timer": 0
    },
    {
      "id": 5,
      "title": "Learn French",
      "description": "Je m'apple Guillaume",
      "status": "In Progress",
      "timer": 0
    }
  ]
}
